-- phpMyAdmin SQL Dump
-- version 5.2.1
-- https://www.phpmyadmin.net/
--
-- Host: 127.0.0.1
-- Generation Time: May 08, 2026 at 08:54 AM
-- Server version: 10.4.32-MariaDB
-- PHP Version: 8.2.12

SET SQL_MODE = "NO_AUTO_VALUE_ON_ZERO";
START TRANSACTION;
SET time_zone = "+00:00";


/*!40101 SET @OLD_CHARACTER_SET_CLIENT=@@CHARACTER_SET_CLIENT */;
/*!40101 SET @OLD_CHARACTER_SET_RESULTS=@@CHARACTER_SET_RESULTS */;
/*!40101 SET @OLD_COLLATION_CONNECTION=@@COLLATION_CONNECTION */;
/*!40101 SET NAMES utf8mb4 */;

--
-- Database: `online_restaurant`
--

-- --------------------------------------------------------

--
-- Table structure for table `categories`
--

CREATE TABLE `categories` (
  `id` int(11) NOT NULL,
  `name` varchar(50) NOT NULL,
  `description` text DEFAULT NULL,
  `image` varchar(255) DEFAULT NULL,
  `created_at` timestamp NOT NULL DEFAULT current_timestamp()
) ENGINE=InnoDB DEFAULT CHARSET=utf8mb4 COLLATE=utf8mb4_unicode_ci;

--
-- Dumping data for table `categories`
--

INSERT INTO `categories` (`id`, `name`, `description`, `image`, `created_at`) VALUES
(1, 'نوشیدنی‌ها', 'انواع نوشیدنی‌های گرم و سرد شامل نوشابه، دوغ، آبمیوه، شربت، قهوه و چای', 'drinks.jpg', '2026-05-05 08:57:05'),
(2, 'مخلفات و ترشیجات', 'انواع سالاد، ترشی، زیتون، ماست موسیر، ماست خیار، شور و سایر مخلفات', 'sides.jpg', '2026-05-05 08:57:05'),
(3, 'غذاهای ایرانی', 'انواع خورشت‌های اصیل ایرانی مانند قورمه‌سبزی، قیمه، فسنجان به همراه پلو و چلو', 'persian_foods.jpg', '2026-05-05 08:57:05'),
(4, 'کباب‌ها', 'انواع کباب‌های ایرانی شامل کباب کوبیده، برگ، جوجه‌کباب، شیشلیک و بختیاری', 'kababs.jpg', '2026-05-05 08:57:05'),
(7, 'غذا های دریایی', 'در این دسته بندی غذا های دریایی تازه و خوشمزه قرار دارد.', '', '2026-05-08 05:31:06');

-- --------------------------------------------------------

--
-- Table structure for table `foods`
--

CREATE TABLE `foods` (
  `id` int(11) NOT NULL,
  `category_id` int(11) NOT NULL,
  `name` varchar(100) NOT NULL,
  `description` text DEFAULT NULL,
  `price` decimal(10,2) NOT NULL,
  `image` varchar(255) DEFAULT NULL,
  `is_available` tinyint(1) DEFAULT 1,
  `created_at` timestamp NOT NULL DEFAULT current_timestamp()
) ENGINE=InnoDB DEFAULT CHARSET=utf8mb4 COLLATE=utf8mb4_unicode_ci;

--
-- Dumping data for table `foods`
--

INSERT INTO `foods` (`id`, `category_id`, `name`, `description`, `price`, `image`, `is_available`, `created_at`) VALUES
(1, 1, 'دوغ گازدار', 'دوغ گازدار سنتی ایرانی در بطری ۱.۵ لیتری', 35000.00, 'doogh.jpg', 1, '2026-05-05 08:58:15'),
(2, 1, 'نوشابه کوکاکولا', 'قوطی ۳۳۰ میلی‌لیتری کوکاکولا', 28000.00, 'coca_cola.jpg', 1, '2026-05-05 08:58:15'),
(3, 1, 'نوشابه فانتا', 'قوطی ۳۳۰ میلی‌لیتری فانتا پرتقالی', 28000.00, 'fanta.jpg', 1, '2026-05-05 08:58:15'),
(4, 1, 'آبمیوه پرتقال طبیعی', 'آب پرتقال تازه و طبیعی ۳۰۰ میلی‌لیتری', 55000.00, 'orange_juice.jpg', 1, '2026-05-05 08:58:15'),
(5, 1, 'شربت آلبالو', 'شربت آلبالوی خانگی با یخ ۴۰۰ میلی‌لیتری', 40000.00, 'sour_cherry_syrup.jpg', 1, '2026-05-05 08:58:15'),
(6, 1, 'شربت لیموناد', 'لیموناد تازه با نعناع و لیمو ۴۰۰ میلی‌لیتری', 42000.00, 'lemonade.jpg', 1, '2026-05-05 08:58:15'),
(7, 1, 'اسپرسو', 'یک شات اسپرسوی داغ و قوی', 45000.00, 'espresso.jpg', 1, '2026-05-05 08:58:15'),
(8, 1, 'لاته', 'قهوه لاته با شیر بخارپز شده ۲۵۰ میلی‌لیتری', 65000.00, 'latte.jpg', 1, '2026-05-05 08:58:15'),
(9, 1, 'کاپوچینو', 'قهوه کاپوچینو با فوم شیر و پودر کاکائو', 60000.00, 'cappuccino.jpg', 1, '2026-05-05 08:58:15'),
(10, 1, 'چای سیاه', 'چای سیاه ایرانی تازه‌دم با نبات', 25000.00, 'black_tea.jpg', 1, '2026-05-05 08:58:15'),
(11, 1, 'چای ماسالا', 'چای ماسالای هندی با ادویه و شیر ۳۰۰ میلی‌لیتری', 70000.00, 'masala_tea.jpg', 1, '2026-05-05 08:58:15'),
(12, 1, 'آب معدنی', 'بطری ۵۰۰ میلی‌لیتری آب معدنی', 15000.00, 'mineral_water.jpg', 1, '2026-05-05 08:58:15'),
(13, 2, 'سالاد شیرازی', 'خیار، گوجه، پیاز ریز خرد شده با آبغوره و نعنا', 35000.00, 'shirazi_salad.jpg', 1, '2026-05-05 08:58:29'),
(14, 2, 'سالاد کاهو', 'کاهو، گوجه، خیار، هویج با سس مخصوص', 40000.00, 'lettuce_salad.jpg', 1, '2026-05-05 08:58:29'),
(15, 2, 'سالاد سزار', 'کاهو رومی، کروتون، پارمزان با سس سزار', 65000.00, 'caesar_salad.jpg', 1, '2026-05-05 08:58:29'),
(16, 2, 'ترشی لیته', 'بادمجان کبابی، سبزیجات معطر با سرکه', 30000.00, 'liteh_pickle.jpg', 1, '2026-05-05 08:58:29'),
(17, 2, 'ترشی مخلوط', 'گل کلم، خیار، هویج، فلفل، سیر در سرکه', 32000.00, 'mixed_pickle.jpg', 1, '2026-05-05 08:58:29'),
(18, 2, 'ترشی سیر', 'سیر کامل خوابانده شده در سرکه بالزامیک', 28000.00, 'garlic_pickle.jpg', 1, '2026-05-05 08:58:29'),
(19, 2, 'زیتون پرورده', 'زیتون سبز با رب انار، سیر، نعنا و گردو', 45000.00, 'olive_parvardeh.jpg', 1, '2026-05-05 08:58:29'),
(20, 2, 'زیتون شکسته', 'زیتون سبز شکسته با چاشنی مخصوص', 38000.00, 'cracked_olive.jpg', 1, '2026-05-05 08:58:29'),
(21, 2, 'ماست موسیر', 'ماست پرچرب با موسیر تازه کوهی', 28000.00, 'mast_mousir.jpg', 1, '2026-05-05 08:58:29'),
(22, 2, 'ماست خیار', 'ماست با خیار رنده شده، کشمش، گردو و نعنا', 30000.00, 'mast_khiar.jpg', 1, '2026-05-05 08:58:29'),
(23, 2, 'شور گل کلم', 'گل کلم، خیار، هویج در محلول آب‌نمک و سرکه', 25000.00, 'pickled_cauliflower.jpg', 1, '2026-05-05 08:58:29'),
(24, 2, 'بورانی اسفناج', 'اسفناج پخته با ماست، سیر و پیاز داغ', 35000.00, 'borani_esfenaj.jpg', 1, '2026-05-05 08:58:29'),
(25, 3, 'قورمه سبزی با پلو', 'خورشت قورمه سبزی با گوشت گوسفندی، لوبیا قرمز و سبزیجات معطر', 120000.00, 'ghormeh_sabzi.jpg', 1, '2026-05-05 08:58:52'),
(26, 3, 'قیمه با پلو', 'خورشت قیمه با گوشت، لپه، لیمو عمانی و خلال سیب‌زمینی سرخ‌کرده', 110000.00, 'gheymeh.jpg', 1, '2026-05-05 08:58:52'),
(27, 3, 'فسنجان با پلو', 'خورشت فسنجان با گردو، رب انار و مرغ (شیرین یا ملس)', 135000.00, 'fesenjan.jpg', 1, '2026-05-05 08:58:52'),
(28, 3, 'زرشک پلو با مرغ', 'پلو زعفرانی با زرشک و مرغ کامل شکم‌پر', 125000.00, 'zereshk_polo.jpg', 1, '2026-05-05 08:58:52'),
(29, 3, 'باقالی پلو با ماهیچه', 'پلو باقالی با شوید و ماهیچه گوسفندی', 150000.00, 'baghali_polo.jpg', 1, '2026-05-05 08:58:52'),
(30, 3, 'لوبیا پلو', 'پلو مخلوط با لوبیا سبز، گوشت چرخ‌کرده و رب گوجه', 95000.00, 'loobia_polo.jpg', 1, '2026-05-05 08:58:52'),
(31, 3, 'کلم پلو', 'پلو مخلوط با کلم پیچ، سبزیجات معطر و کوفته ریزه', 90000.00, 'kalam_polo.jpg', 1, '2026-05-05 08:58:52'),
(32, 3, 'سبزی پلو با ماهی', 'سبزی پلو شمالی با ماهی سفید سرخ‌کرده', 140000.00, 'sabzi_polo.jpg', 1, '2026-05-05 08:58:52'),
(33, 3, 'میرزا قاسمی', 'بادمجان کبابی، گوجه، سیر و تخم‌مرغ (گیلانی)', 85000.00, 'mirza_ghasemi.jpg', 1, '2026-05-05 08:58:52'),
(34, 3, 'کشک بادمجان', 'بادمجان سرخ‌کرده با کشک، سیر داغ و نعنا داغ', 80000.00, 'kashk_bademjan.jpg', 1, '2026-05-05 08:58:52'),
(35, 3, 'قیمه بادمجان', 'خورشت قیمه با بادمجان سرخ‌کرده به جای سیب‌زمینی', 115000.00, 'gheymeh_bademjan.jpg', 1, '2026-05-05 08:58:52'),
(36, 3, 'کوکو سبزی', 'کوکوی سبزیجات معطر با گردو و زرشک', 75000.00, 'kookoo_sabzi.jpg', 1, '2026-05-05 08:58:52'),
(37, 4, 'کباب کوبیده', 'سیخ کباب کوبیده مخلوط گوشت گوسفندی و گوساله (۲ سیخ)', 130000.00, 'kabab_koubideh.jpg', 1, '2026-05-05 08:59:08'),
(38, 4, 'کباب برگ', 'فیله گوساله طعم‌دار شده و کباب شده روی آتش (۱ سیخ)', 180000.00, 'kabab_barg.jpg', 1, '2026-05-05 08:59:08'),
(39, 4, 'جوجه کباب با استخوان', 'جوجه مرغ مزه‌دار شده با زعفران و لیمو (۲ سیخ)', 120000.00, 'joojeh_kabab.jpg', 1, '2026-05-05 08:59:08'),
(40, 4, 'جوجه کباب بدون استخوان', 'فیله مرغ گریل شده با سس زعفرانی (۲ سیخ)', 135000.00, 'boneless_joojeh.jpg', 1, '2026-05-05 08:59:08'),
(41, 4, 'کباب بختیاری', 'ترکیبی از فیله گوساله و جوجه مرغ (۱ سیخ)', 160000.00, 'bakhtiari_kabab.jpg', 1, '2026-05-05 08:59:08'),
(42, 4, 'شیشلیک', 'دنده گوسفندی مزه‌دار و کباب شده (۲ تکه)', 200000.00, 'shishlik.jpg', 1, '2026-05-05 08:59:08'),
(43, 4, 'کباب سلطانی', 'ترکیب ۱ سیخ کباب برگ + ۱ سیخ کباب کوبیده', 220000.00, 'soltani_kabab.jpg', 1, '2026-05-05 08:59:08'),
(44, 4, 'چنجه مرغ', 'تکه‌های مرغ مزه‌دار شده با فلفل و پیاز (۱ سیخ)', 115000.00, 'chicken_chanjeh.jpg', 1, '2026-05-05 08:59:08'),
(45, 4, 'چنجه گوسفندی', 'تکه‌های گوشت گوسفندی مزه‌دار با ماست و ادویه (۱ سیخ)', 150000.00, 'lamb_chanjeh.jpg', 1, '2026-05-05 08:59:08'),
(46, 4, 'کباب تابه‌ای', 'کباب تابه‌ای خانگی با گوشت چرخ‌کرده و گوجه', 95000.00, 'kabab_tabei.jpg', 1, '2026-05-05 08:59:08'),
(47, 4, 'شامی کباب', 'شامی گوشت با نخود و سیب‌زمینی سرخ‌شده (۳ عدد)', 85000.00, 'shami_kabab.jpg', 1, '2026-05-05 08:59:08'),
(48, 4, 'ماهی کبابی', 'ماهی قزل‌آلا کباب شده با سس لیمو و سیر', 145000.00, 'grilled_fish.jpg', 1, '2026-05-05 08:59:08'),
(51, 7, 'قلیه ماهی', 'قلیه ماهی با تمبر هندی اصل و برنج تازه و معطر.', 250000.00, '', 1, '2026-05-08 05:32:53');

-- --------------------------------------------------------

--
-- Table structure for table `orders`
--

CREATE TABLE `orders` (
  `id` int(11) NOT NULL,
  `user_id` int(11) NOT NULL,
  `total_price` decimal(10,2) NOT NULL,
  `status` enum('pending','confirmed','preparing','delivered','cancelled') DEFAULT 'pending',
  `order_date` timestamp NOT NULL DEFAULT current_timestamp()
) ENGINE=InnoDB DEFAULT CHARSET=utf8mb4 COLLATE=utf8mb4_unicode_ci;

--
-- Dumping data for table `orders`
--

INSERT INTO `orders` (`id`, `user_id`, `total_price`, `status`, `order_date`) VALUES
(1, 2, 270000.00, 'delivered', '2026-04-15 09:00:00'),
(2, 3, 180000.00, 'delivered', '2026-04-16 15:15:00'),
(3, 4, 430000.00, 'delivered', '2026-04-17 09:30:00'),
(4, 5, 125000.00, 'cancelled', '2026-04-18 16:45:00'),
(5, 6, 55000.00, 'delivered', '2026-04-19 07:30:00'),
(6, 7, 260000.00, 'delivered', '2026-04-20 16:00:00'),
(7, 8, 385000.00, 'delivered', '2026-04-21 11:15:00'),
(8, 9, 80000.00, 'delivered', '2026-04-22 08:30:00'),
(9, 10, 420000.00, 'preparing', '2026-04-25 10:00:00'),
(10, 11, 175000.00, 'delivered', '2026-04-23 14:30:00'),
(11, 12, 240000.00, 'delivered', '2026-04-24 17:00:00'),
(12, 13, 310000.00, 'confirmed', '2026-04-26 07:45:00'),
(13, 14, 150000.00, 'pending', '2026-05-01 15:30:00'),
(14, 15, 280000.00, 'preparing', '2026-04-27 14:15:00'),
(15, 16, 99000.00, 'delivered', '2026-04-28 17:30:00'),
(16, 17, 355000.00, 'confirmed', '2026-04-29 12:00:00'),
(17, 18, 120000.00, 'delivered', '2026-04-30 09:30:00'),
(18, 19, 540000.00, 'preparing', '2026-05-02 09:00:00'),
(19, 20, 200000.00, 'pending', '2026-05-03 17:15:00'),
(20, 2, 165000.00, 'delivered', '2026-04-22 10:30:00'),
(21, 3, 380000.00, 'delivered', '2026-04-25 15:30:00'),
(22, 4, 145000.00, 'cancelled', '2026-04-27 07:30:00'),
(23, 5, 228000.00, 'delivered', '2026-04-29 13:00:00'),
(24, 6, 310000.00, 'confirmed', '2026-05-01 10:15:00'),
(25, 7, 84000.00, 'delivered', '2026-04-20 08:30:00'),
(26, 8, 400000.00, 'preparing', '2026-05-02 14:30:00'),
(27, 9, 275000.00, 'delivered', '2026-05-04 16:30:00'),
(28, 10, 190000.00, 'delivered', '2026-04-26 10:45:00'),
(29, 11, 235000.00, 'confirmed', '2026-05-03 14:00:00'),
(30, 12, 265000.00, 'preparing', '2026-05-05 08:30:00'),
(35, 22, 448000.00, 'delivered', '2026-05-08 05:16:47');

-- --------------------------------------------------------

--
-- Table structure for table `order_items`
--

CREATE TABLE `order_items` (
  `id` int(11) NOT NULL,
  `order_id` int(11) NOT NULL,
  `food_id` int(11) NOT NULL,
  `quantity` int(11) NOT NULL,
  `price_per_unit` decimal(10,2) NOT NULL
) ENGINE=InnoDB DEFAULT CHARSET=utf8mb4 COLLATE=utf8mb4_unicode_ci;

--
-- Dumping data for table `order_items`
--

INSERT INTO `order_items` (`id`, `order_id`, `food_id`, `quantity`, `price_per_unit`) VALUES
(1, 1, 13, 2, 120000.00),
(2, 1, 1, 1, 35000.00),
(3, 2, 37, 1, 180000.00),
(4, 3, 41, 1, 220000.00),
(5, 3, 9, 2, 65000.00),
(6, 3, 21, 2, 35000.00),
(7, 4, 16, 1, 125000.00),
(8, 5, 5, 1, 55000.00),
(9, 6, 37, 1, 130000.00),
(10, 6, 38, 1, 130000.00),
(11, 7, 41, 1, 220000.00),
(12, 7, 15, 1, 135000.00),
(13, 7, 21, 1, 30000.00),
(14, 8, 33, 1, 80000.00),
(15, 9, 41, 1, 220000.00),
(16, 9, 42, 1, 200000.00),
(17, 10, 13, 1, 120000.00),
(18, 10, 5, 1, 55000.00),
(19, 11, 38, 2, 120000.00),
(20, 12, 16, 1, 125000.00),
(21, 12, 41, 1, 130000.00),
(22, 12, 2, 2, 28000.00),
(23, 13, 45, 1, 150000.00),
(24, 14, 40, 1, 160000.00),
(25, 14, 10, 1, 70000.00),
(26, 14, 9, 1, 50000.00),
(27, 15, 29, 1, 14000.00),
(28, 15, 25, 1, 85000.00),
(29, 16, 39, 2, 135000.00),
(30, 16, 22, 1, 65000.00),
(31, 16, 3, 1, 20000.00),
(32, 17, 38, 1, 120000.00),
(33, 18, 41, 2, 220000.00),
(34, 18, 20, 1, 95000.00),
(35, 18, 6, 1, 5000.00),
(36, 19, 43, 1, 200000.00),
(37, 20, 26, 1, 110000.00),
(38, 20, 4, 1, 55000.00),
(39, 21, 42, 1, 200000.00),
(40, 21, 37, 1, 180000.00),
(41, 22, 48, 1, 145000.00),
(42, 23, 27, 1, 150000.00),
(43, 23, 11, 2, 39000.00),
(44, 24, 18, 1, 140000.00),
(45, 24, 24, 1, 115000.00),
(46, 24, 7, 1, 55000.00),
(47, 25, 21, 1, 30000.00),
(48, 25, 22, 1, 40000.00),
(49, 25, 1, 1, 14000.00),
(50, 26, 41, 1, 220000.00),
(51, 26, 37, 1, 180000.00),
(52, 27, 14, 1, 135000.00),
(53, 27, 15, 1, 140000.00),
(54, 28, 30, 1, 90000.00),
(55, 28, 17, 1, 100000.00),
(56, 29, 43, 1, 115000.00),
(57, 29, 31, 1, 120000.00),
(58, 30, 21, 1, 35000.00),
(59, 30, 23, 1, 65000.00),
(60, 30, 31, 1, 95000.00),
(61, 30, 8, 1, 70000.00),
(69, 35, 3, 1, 28000.00),
(70, 35, 25, 1, 120000.00),
(71, 35, 27, 1, 135000.00),
(72, 35, 37, 1, 130000.00);

-- --------------------------------------------------------

--
-- Table structure for table `reviews`
--

CREATE TABLE `reviews` (
  `id` int(11) NOT NULL,
  `user_id` int(11) NOT NULL,
  `food_id` int(11) NOT NULL,
  `rating` tinyint(4) NOT NULL CHECK (`rating` between 1 and 5),
  `comment` text DEFAULT NULL,
  `admin_reply` text DEFAULT NULL,
  `admin_reply_date` timestamp NULL DEFAULT NULL,
  `replied_by` int(11) DEFAULT NULL,
  `is_approved` tinyint(1) DEFAULT 1,
  `created_at` timestamp NOT NULL DEFAULT current_timestamp()
) ENGINE=InnoDB DEFAULT CHARSET=utf8mb4 COLLATE=utf8mb4_unicode_ci;

--
-- Dumping data for table `reviews`
--

INSERT INTO `reviews` (`id`, `user_id`, `food_id`, `rating`, `comment`, `admin_reply`, `admin_reply_date`, `replied_by`, `is_approved`, `created_at`) VALUES
(1, 2, 1, 4, 'دوغ گازدار عالی بود و حسابی خنک بود. حجم بطری هم مناسبه.', 'ممنون از نظرتون. خوشحالیم که راضی بودید.', '2026-04-16 06:30:00', 1, 1, '2026-05-05 09:23:26'),
(2, 7, 1, 3, 'دوغ خوبی بود ولی به نظرم یه ذره شورتر از حد معمول بود.', NULL, NULL, NULL, 1, '2026-05-05 09:23:26'),
(3, 7, 1, 5, 'عالی بود، مخصوصا کنار کباب. حتما دوباره سفارش میدم.', 'خوشحالیم که دوست داشتید. منتظر سفارش بعدیتون هستیم.', '2026-04-22 07:30:00', 1, 1, '2026-05-05 09:23:26'),
(4, 2, 1, 3, 'کیفیت همیشگی رو داشت. نه خیلی عالی نه بد.', NULL, NULL, NULL, 1, '2026-05-05 09:23:26'),
(5, 13, 2, 5, 'همیشه عالیه و خنک سرو شد.', 'ممنون از نظرتون. سلامت باشید.', '2026-04-27 09:00:00', 1, 1, '2026-05-05 09:23:26'),
(6, 13, 2, 4, 'نوشابه خنک بود و کیفیت خوبی داشت.', NULL, NULL, NULL, 1, '2026-05-05 09:23:26'),
(7, 16, 3, 5, 'همیشه با غذا فانتا میخورم. خیلی خنک و باکیفیت بود.', 'خوشحالیم که همراه خوبی برای غذاتون بوده.', '2026-05-01 05:45:00', 1, 1, '2026-05-05 09:23:26'),
(8, 2, 4, 5, 'کاملا مشخص بود که آبمیوه طبیعی و تازه‌ست. قیمتش نسبت به کیفیت عالیه.', 'ممنون از دقت نظرتون. تمام آبمیوه‌ها روزانه تهیه میشن.', '2026-04-23 11:30:00', 1, 1, '2026-05-05 09:23:26'),
(9, 2, 4, 4, 'آب پرتقال خوشمزه و مقوی بود.', NULL, NULL, NULL, 1, '2026-05-05 09:23:26'),
(10, 6, 5, 5, 'واقعا طعم آلبالوی تازه میداد و خیلی خوشمزه بود.', 'بله، از آلبالوی تازه استفاده میشه، خوشحالیم که دوست داشتید.', '2026-04-20 07:00:00', 1, 1, '2026-05-05 09:23:26'),
(11, 11, 5, 4, 'شربت آلبالو خنک و دلچسب بود. فقط کاش شیرینیش کمتر بود.', NULL, NULL, NULL, 1, '2026-05-05 09:23:26'),
(12, 6, 5, 3, 'طعم بدی نداشت ولی من انتظار یه چیز خاص‌تر رو داشتم.', NULL, NULL, NULL, 1, '2026-05-05 09:23:26'),
(13, 19, 6, 4, 'لیموناد خیلی خوبی بود، طعم نعناع توش کاملا حس میشد.', NULL, NULL, NULL, 1, '2026-05-05 09:23:26'),
(14, 19, 6, 5, 'عالی و بی‌نظیر بود. برای روزای گرم عالیه.', 'موافقم، بهترین انتخاب برای تابستونه.', '2026-05-03 13:15:00', 1, 1, '2026-05-05 09:23:26'),
(15, 2, 13, 4, 'سالاد شیرازی کاملا تازه بود و آبغوره خوبی داشت.', 'ممنون از اینکه به تازگی مواد اولیه اشاره کردید.', '2026-04-16 07:30:00', 1, 1, '2026-05-05 09:24:01'),
(16, 11, 13, 5, 'ترش و خوشمزه. به نظر بهترین چاشنی برای غذاست.', NULL, NULL, NULL, 1, '2026-05-05 09:24:01'),
(17, 11, 13, 2, 'سالاد یه کم آبکی شده بود و انگار از صبح مونده بود.', 'از این موضوع عذرخواهی میکنم. حتما پیگیری می‌شود.', '2026-04-24 15:00:00', 1, 1, '2026-05-05 09:24:01'),
(18, 14, 14, 4, 'کاهو تازه بود و پنیرش هم باکیفیت.', 'خوشحالیم که دوست داشتید.', '2026-05-05 07:30:00', 1, 1, '2026-05-05 09:24:01'),
(19, 14, 14, 2, 'سسش خیلی کم بود، یکم خشک به نظر میرسید.', NULL, NULL, NULL, 1, '2026-05-05 09:24:01'),
(20, 14, 14, 3, 'خوب بود ولی قیمتش یه ذره بالاست.', NULL, NULL, NULL, 1, '2026-05-05 09:24:01'),
(21, 14, 14, 4, 'قبلاً بهتر بود، این دفعه متوسط بود.', NULL, NULL, NULL, 1, '2026-05-05 09:24:01'),
(22, 8, 15, 4, 'سالاد سزار با سس مخصوصش عالیه، فقط کاش مرغش یکم بیشتر بود.', NULL, NULL, NULL, 1, '2026-05-05 09:24:01'),
(23, 14, 15, 5, 'این سالاد فوق‌العاده‌ست. همیشه از اینجا سفارش میدم.', 'شما لطف دارید، سلامت باشید.', '2026-05-05 08:30:00', 1, 1, '2026-05-05 09:24:01'),
(24, 5, 16, 3, 'ترشی لیته خوب بود، اما به پای ترشی‌های شمال خودمون نمیرسه.', NULL, NULL, NULL, 1, '2026-05-05 09:24:01'),
(25, 13, 16, 5, 'ترشی لیته‌تون بی‌نظیره. طعم بادمجون کبابیش عالیه.', 'مرسی، این تعریف بزرگیه. ما هم عاشق طعم شمالیم.', '2026-04-27 09:30:00', 1, 1, '2026-05-05 09:24:01'),
(26, 10, 17, 5, 'ترشی مخلوط کاملاً باکیفیت و ترد. خوشمزه بود.', NULL, NULL, NULL, 1, '2026-05-05 09:24:01'),
(27, 10, 17, 1, 'متاسفانه ترشی که فرستادید کپک زده بود. اصلا قابل خوردن نبود.', 'از این اتفاق به شدت عذرخواهی می‌کنیم. هزینه سفارش رو برگشت می‌زنیم و حتما پیگیری میشه.', '2026-04-27 06:30:00', 1, 1, '2026-05-05 09:24:01'),
(28, 19, 20, 5, 'زیتون پرورده‌اش رب انارش عالیه، واقعاً شمالی و خوشمزه', 'مخلص شمالیا هم هستیم.', '2026-05-03 14:00:00', 1, 1, '2026-05-05 09:24:01'),
(29, 19, 20, 4, 'رب انار و گردوش کاملاً به اندازه و خوشمزه بود.', NULL, NULL, NULL, 1, '2026-05-05 09:24:01'),
(30, 4, 21, 5, 'ماست موسیرشون خیلی غلیظ و خوشمزه‌ست.', NULL, NULL, NULL, 1, '2026-05-05 09:24:01'),
(31, 8, 21, 4, 'ماست خوبی بود، موسیر تازه حسابی توش بود.', 'موسیر تازه‌ست. ممنون از توجهتون.', '2026-04-22 05:30:00', 1, 1, '2026-05-05 09:24:01'),
(32, 7, 21, 4, 'همیشه عالیه. یه طعم خاص و خوبی داره.', NULL, NULL, NULL, 1, '2026-05-05 09:24:01'),
(33, 12, 21, 3, 'این دفعه یکم شل بود، ولی طعمش خوب بود.', NULL, NULL, NULL, 1, '2026-05-05 09:24:01'),
(34, 16, 22, 5, 'ماست خیارشون کشمش و گردوی زیادی داشت، خیلی خوشمزه بود.', 'مرسی، همیشه پر از خیر و برکت.', '2026-05-01 06:30:00', 1, 1, '2026-05-05 09:24:01'),
(35, 7, 22, 4, 'خیلی خوشمزه بود، کاملاً به اندازه و خوش‌طعم.', NULL, NULL, NULL, 1, '2026-05-05 09:24:01'),
(36, 12, 23, 5, 'سالاد سزار اینجا بهترینه، مرغ و سس خیلی خوبی داره.', 'ممنون، خوشحالیم که دوستش دارید.', '2026-05-06 10:30:00', 1, 1, '2026-05-05 09:24:58'),
(37, 12, 23, 4, 'سسش فوق‌العاده بود. کاش حجمش یکم بیشتر بود.', NULL, NULL, NULL, 1, '2026-05-05 09:24:58'),
(38, 7, 24, 3, 'قیمه بادمجانش بد نبود ولی گوشتش یکم سفت بود.', 'نظرتون رو به تیم آشپزخانه میرسونیم تا رسیدگی بشه.', '2026-05-02 11:30:00', 1, 1, '2026-05-05 09:24:58'),
(39, 16, 25, 5, 'باقالی پلو با ماهیچه شون فوق‌العاده بود، ماهیچه به راحتی از استخون جدا شد.', 'از شنیدن این نظر انرژی گرفتیم. متشکریم.', '2026-04-30 05:30:00', 1, 1, '2026-05-05 09:24:58'),
(40, 16, 25, 4, 'برنجش عالی بود، ماهیچه هم خوش‌طعم و نرم پخته شده بود.', NULL, NULL, NULL, 1, '2026-05-05 09:24:58'),
(41, 2, 26, 4, 'قیمه جاافتاده و خوشمزه‌ای بود، خلال سیب زمینی هم عالی بود.', NULL, NULL, NULL, 1, '2026-05-05 09:24:58'),
(42, 2, 26, 5, 'این بهترین قیمه‌ای بود که خوردم. واقعا دستتون درد نکنه.', 'خواهش میکنم. نظر لطفتونه.', '2026-04-23 12:30:00', 1, 1, '2026-05-05 09:24:58'),
(43, 5, 27, 5, 'باقالی پلو با ماهیچه به‌غایت عالی و خوش عطر بود.', NULL, NULL, NULL, 1, '2026-05-05 09:24:58'),
(44, 5, 27, 4, 'کیفیتش فوق‌العاده بود، قیمتش نسبت به کیفیت منصفانه‌ست.', 'سپاسگزاریم.', '2026-04-30 14:30:00', 1, 1, '2026-05-05 09:24:58'),
(45, 12, 23, 5, 'سالاد سزار اینجا بهترینه، مرغ و سس خیلی خوبی داره.', 'ممنون، خوشحالیم که دوستش دارید.', '2026-05-06 10:30:00', 1, 1, '2026-05-05 09:27:31'),
(46, 12, 23, 4, 'سسش فوق‌العاده بود. کاش حجمش یکم بیشتر بود.', NULL, NULL, NULL, 1, '2026-05-05 09:27:31'),
(47, 7, 24, 3, 'قیمه بادمجانش بد نبود ولی گوشتش یکم سفت بود.', 'نظرتون رو به تیم آشپزخانه میرسونیم تا رسیدگی بشه.', '2026-05-02 11:30:00', 1, 1, '2026-05-05 09:27:32'),
(48, 16, 25, 5, 'باقالی پلو با ماهیچه شون فوق‌العاده بود، ماهیچه به راحتی از استخون جدا شد.', 'از شنیدن این نظر انرژی گرفتیم. متشکریم.', '2026-04-30 05:30:00', 1, 1, '2026-05-05 09:27:32'),
(49, 16, 25, 4, 'برنجش عالی بود، ماهیچه هم خوش‌طعم و نرم پخته شده بود.', NULL, NULL, NULL, 1, '2026-05-05 09:27:32'),
(52, 5, 27, 5, 'باقالی پلو با ماهیچه به‌غایت عالی و خوش عطر بود.', NULL, NULL, NULL, 1, '2026-05-05 09:27:32'),
(53, 5, 27, 4, 'کیفیتش فوق‌العاده بود، قیمتش نسبت به کیفیت منصفانه‌ست.', 'سپاسگزاریم.', '2026-04-30 14:30:00', 1, 1, '2026-05-05 09:27:32'),
(54, 3, 37, 5, 'کبابش واقعا آبدار و خوشمزه بود. کیفیت گوشتش مشخصه.', 'بله، از بهترین گوشت استفاده میشه. ممنونیم.', '2026-04-17 06:30:00', 1, 1, '2026-05-05 09:28:08'),
(55, 7, 37, 4, 'طعم و بافت کباب خوب بود، ولی یکم زیادی برشته شده بود.', NULL, NULL, NULL, 1, '2026-05-05 09:28:08'),
(56, 8, 37, 5, 'بهترین کبابی که تا حالا خوردم. دست مریزاد.', 'سلامت باشید. نظرتون باعث افتخار ماست.', '2026-04-27 15:00:00', 1, 1, '2026-05-05 09:28:08'),
(57, 8, 37, 4, 'گوشت عالی بود. فقط سایز پرسش یکم کوچیک به نظر میرسید.', NULL, NULL, NULL, 1, '2026-05-05 09:28:08'),
(58, 7, 38, 4, 'جوجه کباب خوش طعم و آبدار بود، زعفرونش هم خوب بود.', NULL, NULL, NULL, 1, '2026-05-05 09:28:08'),
(59, 12, 38, 5, 'فوق‌العاده مزه‌دار و آبدار. بهترین جوجه‌ایه که خوردم.', 'این بهترین تعریف برای یه جوجه کبابه! ممنون.', '2026-04-25 05:30:00', 1, 1, '2026-05-05 09:28:08'),
(60, 18, 38, 4, 'جوجه‌ها درشت و خوشمزه بودن، واقعاً سیر شدم.', NULL, NULL, NULL, 1, '2026-05-05 09:28:08'),
(61, 16, 39, 4, 'جوجه بدون استخوانش خیلی راحت خورده میشه و طعم خوبی داره.', 'مخصوصاً برای بچه‌ها و آدمای عجول عالیه!', '2026-05-01 07:00:00', 1, 1, '2026-05-05 09:28:08'),
(62, 16, 39, 5, 'عالی و بی‌نظیر. فیله مرغ کاملاً تازه و آبدار بود.', NULL, NULL, NULL, 1, '2026-05-05 09:28:08'),
(63, 15, 40, 4, 'کباب بختیاریش ترکیب خوبی بود، هم مرغش خوب بود هم گوشتش.', NULL, NULL, NULL, 1, '2026-05-05 09:28:08'),
(64, 15, 40, 5, 'سیخ بختیاری عالی بود. گوشت و مرغ هر دو باکیفیت و تازه.', 'بله، ترکیب فیله گوساله و جوجه مرغ هست. ممنون از نظرتون.', '2026-04-28 15:45:00', 1, 1, '2026-05-05 09:28:08'),
(65, 5, 41, 5, 'کباب کوبیده‌شون نرم و آبداره، بهترین گزینه‌ست.', 'صد در صد. خوشحالیم که دوست دارید.', '2026-04-18 17:30:00', 1, 1, '2026-05-05 09:28:08'),
(66, 8, 41, 4, 'کباب کوبیده خوبی بود، شاید یکم پیازش زیاد بود ولی در کل عالی.', NULL, NULL, NULL, 1, '2026-05-05 09:28:08'),
(67, 10, 41, 4, 'کباب کوبیده نرم و لطیف بود. خیلی خوشم خورد.', NULL, NULL, NULL, 1, '2026-05-05 09:28:08'),
(68, 13, 41, 4, 'ریزه کاری داره ولی به دلم نشست.', NULL, NULL, NULL, 1, '2026-05-05 09:28:08'),
(69, 19, 41, 3, 'خوب بود ولی انگار یکم شور شده بود.', NULL, NULL, NULL, 1, '2026-05-05 09:28:08'),
(70, 8, 41, 5, 'کوبیده‌شون یه چیز دیگه‌ست. هرجا میرم بازم یاد این کوبیده میوفتم.', 'چه نظر قشنگی. منتظریم دوباره بیایید.', '2026-05-03 15:30:00', 1, 1, '2026-05-05 09:28:08'),
(71, 10, 42, 5, 'شیشلیکش عالی بود، دنده گوسفندی خیلی خوشمزه و نرم.', 'بهترین دنده‌ها رو برای شیشلیک استفاده می‌کنیم.', '2026-04-26 10:30:00', 1, 1, '2026-05-05 09:28:08'),
(72, 3, 42, 4, 'پختش عالی بود، جای کمی برای بهتر شدن داره.', 'ممنون', '2026-05-08 04:09:13', 1, 1, '2026-05-05 09:28:08'),
(73, 13, 43, 5, 'چنجه گوسفندیش رو یه بار دیگه هم خوردم، بی‌نظیره و فوق‌العاده مزه‌داره.', 'ممنون از وفاداری‌تون. همیشه خوشحالمون میکنید.', '2026-04-27 10:00:00', 1, 1, '2026-05-05 09:28:08'),
(74, 13, 43, 3, 'این دفعه یه ذره گوشتش سفت بود، ولی مزه‌اش خوب بود.', NULL, NULL, NULL, 1, '2026-05-05 09:28:08'),
(75, 15, 43, 5, 'بی‌نظیر. فوق‌العاده طعم دودی و خوبی داشت.', NULL, NULL, NULL, 1, '2026-05-05 09:28:08'),
(76, 14, 45, 4, 'چنجه گوسفندی بافت و طعم خیلی خوبی داشت.', NULL, NULL, NULL, 1, '2026-05-05 09:28:08'),
(77, 14, 45, 5, 'عالی و بی‌نظیر بود. طعم لذیذی داشت.', 'ممنون، سلامت باشید.', '2026-05-02 16:30:00', 1, 1, '2026-05-05 09:28:08'),
(78, 4, 48, 4, 'ماهی کبابی خوشمزه‌ای بود، سیر و لیموش خیلی بهش میومد.', NULL, NULL, NULL, 1, '2026-05-05 09:28:08'),
(79, 4, 48, 3, 'ماهی یه خورده خشک شده بود ولی طعمش خوب بود.', NULL, NULL, NULL, 1, '2026-05-05 09:28:08'),
(81, 22, 38, 5, 'این غذا کیفیتش خیلی خوب بود.', 'ممنون از دیدگاه شما.', '2026-05-08 05:37:57', 1, 1, '2026-05-08 05:19:36');

-- --------------------------------------------------------

--
-- Table structure for table `users`
--

CREATE TABLE `users` (
  `id` int(11) NOT NULL,
  `full_name` varchar(100) NOT NULL,
  `email` varchar(100) NOT NULL,
  `phone` varchar(15) DEFAULT NULL,
  `password` varchar(255) NOT NULL,
  `role` enum('user','admin') DEFAULT 'user',
  `created_at` timestamp NOT NULL DEFAULT current_timestamp()
) ENGINE=InnoDB DEFAULT CHARSET=utf8mb4 COLLATE=utf8mb4_unicode_ci;

--
-- Dumping data for table `users`
--

INSERT INTO `users` (`id`, `full_name`, `email`, `phone`, `password`, `role`, `created_at`) VALUES
(1, 'Hoseiin Mirzaii', 'mh.mirzaii1382@gmail.com', '09374340324', '$2y$10$MHUzet.DiXr2/sIAhcYNPOZOtL4kt91ix7bHk6XYCMRpsj.xbTuJC', 'admin', '2026-05-05 08:45:02'),
(2, 'سارا احمدی', 'sara.ahmadi@email.com', '09121112233', '$2y$10$92IXUNpkjO0rOQ5byMi.Ye4oKoEa3Ro9llC/.og/at2.uheWG/igi', 'user', '2026-05-05 08:45:50'),
(3, 'امیررضا حسینی', 'amir.hosseini@email.com', '09123334455', '$2y$10$92IXUNpkjO0rOQ5byMi.Ye4oKoEa3Ro9llC/.og/at2.uheWG/igi', 'user', '2026-05-05 08:45:50'),
(4, 'نرگس رضایی', 'narges.rezaei@email.com', '09125556677', '$2y$10$92IXUNpkjO0rOQ5byMi.Ye4oKoEa3Ro9llC/.og/at2.uheWG/igi', 'user', '2026-05-05 08:45:50'),
(5, 'پدرام کریمی', 'pedram.karimi@email.com', '09127778899', '$2y$10$92IXUNpkjO0rOQ5byMi.Ye4oKoEa3Ro9llC/.og/at2.uheWG/igi', 'user', '2026-05-05 08:45:50'),
(6, 'مریم قاسمی', 'maryam.ghasemi@email.com', '09128889900', '$2y$10$92IXUNpkjO0rOQ5byMi.Ye4oKoEa3Ro9llC/.og/at2.uheWG/igi', 'user', '2026-05-05 08:45:50'),
(7, 'دانیال موسوی', 'danial.mousavi@email.com', '09129990011', '$2y$10$92IXUNpkjO0rOQ5byMi.Ye4oKoEa3Ro9llC/.og/at2.uheWG/igi', 'user', '2026-05-05 08:45:50'),
(8, 'الهه طاهری', 'elahe.taheri@email.com', '09130001122', '$2y$10$92IXUNpkjO0rOQ5byMi.Ye4oKoEa3Ro9llC/.og/at2.uheWG/igi', 'user', '2026-05-05 08:45:50'),
(9, 'سهیل نوری', 'soheil.nouri@email.com', '09131112233', '$2y$10$92IXUNpkjO0rOQ5byMi.Ye4oKoEa3Ro9llC/.og/at2.uheWG/igi', 'user', '2026-05-05 08:45:50'),
(10, 'غزل محمدپور', 'ghazal.mohammadpour@email.com', '09132223344', '$2y$10$92IXUNpkjO0rOQ5byMi.Ye4oKoEa3Ro9llC/.og/at2.uheWG/igi', 'user', '2026-05-05 08:45:50'),
(11, 'فرشاد رحمانی', 'farshad.rahmani@email.com', '09133334455', '$2y$10$92IXUNpkjO0rOQ5byMi.Ye4oKoEa3Ro9llC/.og/at2.uheWG/igi', 'user', '2026-05-05 08:45:50'),
(12, 'آیدا صادقی', 'aida.sadeghi@email.com', '09134445566', '$2y$10$92IXUNpkjO0rOQ5byMi.Ye4oKoEa3Ro9llC/.og/at2.uheWG/igi', 'user', '2026-05-05 08:45:50'),
(13, 'میلاد اکبری', 'milad.akbari@email.com', '09135556677', '$2y$10$92IXUNpkjO0rOQ5byMi.Ye4oKoEa3Ro9llC/.og/at2.uheWG/igi', 'user', '2026-05-05 08:45:50'),
(14, 'بهار مرادی', 'bahar.moradi@email.com', '09136667788', '$2y$10$92IXUNpkjO0rOQ5byMi.Ye4oKoEa3Ro9llC/.og/at2.uheWG/igi', 'user', '2026-05-05 08:45:50'),
(15, 'کسری ملکی', 'kasra.maleki@email.com', '09137778899', '$2y$10$92IXUNpkjO0rOQ5byMi.Ye4oKoEa3Ro9llC/.og/at2.uheWG/igi', 'user', '2026-05-05 08:45:50'),
(16, 'رویا فلاحی', 'roya.falahi@email.com', '09138889900', '$2y$10$92IXUNpkjO0rOQ5byMi.Ye4oKoEa3Ro9llC/.og/at2.uheWG/igi', 'user', '2026-05-05 08:45:50'),
(17, 'احسان یوسفی', 'ehsan.yousefi@email.com', '09139990011', '$2y$10$92IXUNpkjO0rOQ5byMi.Ye4oKoEa3Ro9llC/.og/at2.uheWG/igi', 'user', '2026-05-05 08:45:50'),
(18, 'ترانه ناصری', 'taraneh.naseri@email.com', '09140001122', '$2y$10$92IXUNpkjO0rOQ5byMi.Ye4oKoEa3Ro9llC/.og/at2.uheWG/igi', 'user', '2026-05-05 08:45:50'),
(19, 'شایان هاشمی', 'shayan.hashemi@email.com', '09141112233', '$2y$10$92IXUNpkjO0rOQ5byMi.Ye4oKoEa3Ro9llC/.og/at2.uheWG/igi', 'user', '2026-05-05 08:45:50'),
(20, 'سپیده گلزار', 'sepideh.golzar@email.com', '09142223344', '$2y$10$92IXUNpkjO0rOQ5byMi.Ye4oKoEa3Ro9llC/.og/at2.uheWG/igi', 'user', '2026-05-05 08:45:50'),
(22, 'ali', 'Ali@gmail.com', '09121234567', '$2y$10$C6IjeDm.zNVZZvU2NBAe8.KDIYsH55L8sBSLu1zJ8LgTfL5HvEu/u', 'user', '2026-05-08 05:13:00');

--
-- Indexes for dumped tables
--

--
-- Indexes for table `categories`
--
ALTER TABLE `categories`
  ADD PRIMARY KEY (`id`),
  ADD UNIQUE KEY `name` (`name`);

--
-- Indexes for table `foods`
--
ALTER TABLE `foods`
  ADD PRIMARY KEY (`id`),
  ADD KEY `category_id` (`category_id`);

--
-- Indexes for table `orders`
--
ALTER TABLE `orders`
  ADD PRIMARY KEY (`id`),
  ADD KEY `user_id` (`user_id`);

--
-- Indexes for table `order_items`
--
ALTER TABLE `order_items`
  ADD PRIMARY KEY (`id`),
  ADD KEY `order_id` (`order_id`),
  ADD KEY `food_id` (`food_id`);

--
-- Indexes for table `reviews`
--
ALTER TABLE `reviews`
  ADD PRIMARY KEY (`id`),
  ADD KEY `user_id` (`user_id`),
  ADD KEY `food_id` (`food_id`),
  ADD KEY `replied_by` (`replied_by`);

--
-- Indexes for table `users`
--
ALTER TABLE `users`
  ADD PRIMARY KEY (`id`),
  ADD UNIQUE KEY `email` (`email`),
  ADD UNIQUE KEY `phone` (`phone`);

--
-- AUTO_INCREMENT for dumped tables
--

--
-- AUTO_INCREMENT for table `categories`
--
ALTER TABLE `categories`
  MODIFY `id` int(11) NOT NULL AUTO_INCREMENT, AUTO_INCREMENT=8;

--
-- AUTO_INCREMENT for table `foods`
--
ALTER TABLE `foods`
  MODIFY `id` int(11) NOT NULL AUTO_INCREMENT, AUTO_INCREMENT=52;

--
-- AUTO_INCREMENT for table `orders`
--
ALTER TABLE `orders`
  MODIFY `id` int(11) NOT NULL AUTO_INCREMENT, AUTO_INCREMENT=36;

--
-- AUTO_INCREMENT for table `order_items`
--
ALTER TABLE `order_items`
  MODIFY `id` int(11) NOT NULL AUTO_INCREMENT, AUTO_INCREMENT=73;

--
-- AUTO_INCREMENT for table `reviews`
--
ALTER TABLE `reviews`
  MODIFY `id` int(11) NOT NULL AUTO_INCREMENT, AUTO_INCREMENT=82;

--
-- AUTO_INCREMENT for table `users`
--
ALTER TABLE `users`
  MODIFY `id` int(11) NOT NULL AUTO_INCREMENT, AUTO_INCREMENT=23;

--
-- Constraints for dumped tables
--

--
-- Constraints for table `foods`
--
ALTER TABLE `foods`
  ADD CONSTRAINT `foods_ibfk_1` FOREIGN KEY (`category_id`) REFERENCES `categories` (`id`) ON DELETE CASCADE;

--
-- Constraints for table `orders`
--
ALTER TABLE `orders`
  ADD CONSTRAINT `orders_ibfk_1` FOREIGN KEY (`user_id`) REFERENCES `users` (`id`) ON DELETE CASCADE;

--
-- Constraints for table `order_items`
--
ALTER TABLE `order_items`
  ADD CONSTRAINT `order_items_ibfk_1` FOREIGN KEY (`order_id`) REFERENCES `orders` (`id`) ON DELETE CASCADE,
  ADD CONSTRAINT `order_items_ibfk_2` FOREIGN KEY (`food_id`) REFERENCES `foods` (`id`) ON DELETE CASCADE;

--
-- Constraints for table `reviews`
--
ALTER TABLE `reviews`
  ADD CONSTRAINT `reviews_ibfk_1` FOREIGN KEY (`user_id`) REFERENCES `users` (`id`) ON DELETE CASCADE,
  ADD CONSTRAINT `reviews_ibfk_2` FOREIGN KEY (`food_id`) REFERENCES `foods` (`id`) ON DELETE CASCADE,
  ADD CONSTRAINT `reviews_ibfk_3` FOREIGN KEY (`replied_by`) REFERENCES `users` (`id`) ON DELETE SET NULL;
COMMIT;

/*!40101 SET CHARACTER_SET_CLIENT=@OLD_CHARACTER_SET_CLIENT */;
/*!40101 SET CHARACTER_SET_RESULTS=@OLD_CHARACTER_SET_RESULTS */;
/*!40101 SET COLLATION_CONNECTION=@OLD_COLLATION_CONNECTION */;
